Trial,Test Type,Injection Time,Fault Observed Time,PC-observed Fault Transition Delay [ms],Final State,Final Fault,Auto Run Detected,Result,Note
1,supervisor SIGKILL,2026-08-31T23:40:21.620,2026-08-31T23:40:22.519,899.5,FAULT,COMM,NO,PASS,
2,supervisor SIGKILL,2026-08-31T23:40:30.120,2026-08-31T23:40:31.520,1399.3,FAULT,COMM,NO,PASS,
3,supervisor SIGKILL,2026-08-31T23:40:39.121,2026-08-31T23:40:40.519,1398.1,FAULT,COMM,NO,PASS,
4,supervisor SIGKILL,2026-08-31T23:40:48.120,2026-08-31T23:40:49.520,1399.7,FAULT,COMM,NO,PASS,
5,supervisor SIGKILL,2026-08-31T23:40:57.119,2026-08-31T23:40:58.119,1000.3,FAULT,COMM,NO,PASS,
6,supervisor SIGKILL,2026-08-31T23:41:05.622,2026-08-31T23:41:07.120,1498.1,FAULT,COMM,NO,PASS,
7,supervisor SIGKILL,2026-08-31T23:41:14.621,2026-08-31T23:41:16.119,1498.3,FAULT,COMM,NO,PASS,
8,supervisor SIGKILL,2026-08-31T23:41:23.620,2026-08-31T23:41:25.119,1499.7,FAULT,COMM,NO,PASS,
9,supervisor SIGKILL,2026-08-31T23:41:33.619,2026-08-31T23:41:35.120,1500.2,FAULT,COMM,NO,PASS,
10,supervisor SIGKILL,2026-08-31T23:41:42.620,2026-08-31T23:41:44.120,1500.2,FAULT,COMM,NO,PASS,
11,supervisor SIGKILL,2026-08-31T23:41:51.620,2026-08-31T23:41:53.120,1499.3,FAULT,COMM,NO,PASS,
12,supervisor SIGKILL,2026-08-31T23:42:00.619,2026-08-31T23:42:02.119,1500.3,FAULT,COMM,NO,PASS,
13,supervisor SIGKILL,2026-08-31T23:42:09.620,2026-08-31T23:42:11.120,1500.1,FAULT,COMM,NO,PASS,
14,supervisor SIGKILL,2026-08-31T23:42:18.620,2026-08-31T23:42:20.120,1500.0,FAULT,COMM,NO,PASS,
15,supervisor SIGKILL,2026-08-31T23:42:27.622,2026-08-31T23:42:29.119,1497.5,FAULT,COMM,NO,PASS,
16,supervisor SIGKILL,2026-08-31T23:42:36.620,2026-08-31T23:42:38.119,1498.6,FAULT,COMM,NO,PASS,
17,supervisor SIGKILL,2026-08-31T23:42:45.620,2026-08-31T23:42:47.119,1499.2,FAULT,COMM,NO,PASS,
18,supervisor SIGKILL,2026-08-31T23:42:54.620,2026-08-31T23:42:56.119,1499.3,FAULT,COMM,NO,PASS,
19,supervisor SIGKILL,2026-08-31T23:43:03.620,2026-08-31T23:43:05.120,1500.1,FAULT,COMM,NO,PASS,
20,supervisor SIGKILL,2026-08-31T23:43:12.620,2026-08-31T23:43:13.519,899.0,FAULT,COMM,NO,PASS,
21,supervisor SIGKILL,2026-08-31T23:43:21.119,2026-08-31T23:43:22.519,1400.2,FAULT,COMM,NO,PASS,setup: motorctl target 30 1000 unconfirmed (exit 1: ERROR GET_STATE timed out)
22,supervisor SIGKILL,2026-08-31T23:43:30.120,2026-08-31T23:43:31.519,1399.7,FAULT,COMM,NO,PASS,
23,supervisor SIGKILL,2026-08-31T23:43:39.119,2026-08-31T23:43:40.519,1399.4,FAULT,COMM,NO,PASS,
24,supervisor SIGKILL,2026-08-31T23:43:48.120,2026-08-31T23:43:50.120,1999.8,FAULT,COMM,NO,PASS,
25,supervisor SIGKILL,2026-08-31T23:43:57.619,2026-08-31T23:43:59.119,1499.8,FAULT,COMM,NO,PASS,
26,supervisor SIGKILL,2026-08-31T23:44:06.620,2026-08-31T23:44:08.119,1499.3,FAULT,COMM,NO,PASS,
27,supervisor SIGKILL,2026-08-31T23:44:15.620,2026-08-31T23:44:17.119,1499.0,FAULT,COMM,NO,PASS,
28,supervisor SIGKILL,2026-08-31T23:44:24.619,2026-08-31T23:44:25.519,899.8,FAULT,COMM,NO,PASS,
29,supervisor SIGKILL,2026-08-31T23:44:33.121,2026-08-31T23:44:34.520,1399.2,FAULT,COMM,NO,PASS,
30,supervisor SIGKILL,2026-08-31T23:44:42.120,2026-08-31T23:44:43.120,1000.1,FAULT,COMM,NO,PASS,
31,supervisor SIGKILL,2026-08-31T23:44:50.620,2026-08-31T23:44:52.120,1499.9,FAULT,COMM,NO,PASS,
32,supervisor SIGKILL,2026-08-31T23:44:59.619,2026-08-31T23:45:01.119,1499.7,FAULT,COMM,NO,PASS,
33,supervisor SIGKILL,2026-08-31T23:45:08.619,2026-08-31T23:45:10.120,1500.2,FAULT,COMM,NO,PASS,
34,supervisor SIGKILL,2026-08-31T23:45:17.619,2026-08-31T23:45:19.120,1500.6,FAULT,COMM,NO,PASS,
35,supervisor SIGKILL,2026-08-31T23:45:26.619,2026-08-31T23:45:28.120,1500.1,FAULT,COMM,NO,PASS,
36,supervisor SIGKILL,2026-08-31T23:45:35.620,2026-08-31T23:45:37.119,1499.1,FAULT,COMM,NO,PASS,
37,supervisor SIGKILL,2026-08-31T23:45:44.619,2026-08-31T23:45:46.119,1499.8,FAULT,COMM,NO,PASS,
38,supervisor SIGKILL,2026-08-31T23:45:53.619,2026-08-31T23:45:55.119,1499.8,FAULT,COMM,NO,PASS,
39,supervisor SIGKILL,2026-08-31T23:46:03.619,2026-08-31T23:46:05.119,1499.8,FAULT,COMM,NO,PASS,
40,supervisor SIGKILL,2026-08-31T23:46:12.620,2026-08-31T23:46:13.519,899.0,FAULT,COMM,NO,PASS,
41,supervisor SIGKILL,2026-08-31T23:46:21.120,2026-08-31T23:46:22.519,1399.0,FAULT,COMM,NO,PASS,
42,supervisor SIGKILL,2026-08-31T23:46:30.119,2026-08-31T23:46:31.520,1400.7,FAULT,COMM,NO,PASS,
43,supervisor SIGKILL,2026-08-31T23:46:39.120,2026-08-31T23:46:40.519,1398.9,FAULT,COMM,NO,PASS,
44,supervisor SIGKILL,2026-08-31T23:46:48.119,2026-08-31T23:46:49.520,1400.4,FAULT,COMM,NO,PASS,
45,supervisor SIGKILL,2026-08-31T23:46:58.120,2026-08-31T23:46:59.519,1398.6,FAULT,COMM,NO,PASS,"setup: motorctl enable unconfirmed (exit 1: ERROR GET_STATE timed out), motorctl target 30 1000 retried once after supervisor sync loss"
46,supervisor SIGKILL,2026-08-31T23:47:07.120,2026-08-31T23:47:08.519,1399.8,FAULT,COMM,NO,PASS,
47,supervisor SIGKILL,2026-08-31T23:47:16.120,2026-08-31T23:47:17.520,1399.8,FAULT,COMM,NO,PASS,
48,supervisor SIGKILL,2026-08-31T23:47:25.121,2026-08-31T23:47:26.519,1398.2,FAULT,COMM,NO,PASS,
49,supervisor SIGKILL,2026-08-31T23:47:34.120,2026-08-31T23:47:35.519,1399.2,FAULT,COMM,NO,PASS,
50,supervisor SIGKILL,2026-08-31T23:47:43.120,2026-08-31T23:47:44.120,1000.2,FAULT,COMM,NO,PASS,
51,supervisor SIGKILL,2026-08-31T23:47:51.620,2026-08-31T23:47:53.119,1498.9,FAULT,COMM,NO,PASS,
52,supervisor SIGKILL,2026-08-31T23:48:00.621,2026-08-31T23:48:02.119,1498.0,FAULT,COMM,NO,PASS,
53,supervisor SIGKILL,2026-08-31T23:48:11.120,2026-08-31T23:48:12.520,1399.8,FAULT,COMM,NO,PASS,"setup: motorctl clear-fault unconfirmed (exit 1: ERROR GET_STATE timed out), motorctl enable unconfirmed (exit 1: ERROR GET_STATE timed out), motorctl target 30 1000 retried once after supervisor sync loss"
54,supervisor SIGKILL,2026-08-31T23:48:20.120,2026-08-31T23:48:21.520,1399.6,FAULT,COMM,NO,PASS,
55,supervisor SIGKILL,2026-08-31T23:48:29.120,2026-08-31T23:48:30.519,1398.5,FAULT,COMM,NO,PASS,
56,supervisor SIGKILL,2026-08-31T23:48:38.119,2026-08-31T23:48:39.519,1400.0,FAULT,COMM,NO,PASS,
57,supervisor SIGKILL,2026-08-31T23:48:47.119,2026-08-31T23:48:48.120,1000.6,FAULT,COMM,NO,PASS,
58,supervisor SIGKILL,2026-08-31T23:48:55.620,2026-08-31T23:48:57.120,1499.8,FAULT,COMM,NO,PASS,
59,supervisor SIGKILL,2026-08-31T23:49:04.620,2026-08-31T23:49:06.119,1499.4,FAULT,COMM,NO,PASS,
60,supervisor SIGKILL,2026-08-31T23:49:13.620,2026-08-31T23:49:15.119,1498.8,FAULT,COMM,NO,PASS,
61,supervisor SIGKILL,2026-08-31T23:49:22.620,2026-08-31T23:49:24.119,1499.3,FAULT,COMM,NO,PASS,
62,supervisor SIGKILL,2026-08-31T23:49:31.619,2026-08-31T23:49:33.120,1500.4,FAULT,COMM,NO,PASS,
63,supervisor SIGKILL,2026-08-31T23:49:41.621,2026-08-31T23:49:43.120,1498.8,FAULT,COMM,NO,PASS,"setup: motorctl enable unconfirmed (exit 1: ERROR GET_STATE timed out), motorctl target 30 1000 retried once after supervisor sync loss"
64,supervisor SIGKILL,2026-08-31T23:49:50.619,2026-08-31T23:49:52.120,1500.3,FAULT,COMM,NO,PASS,
65,supervisor SIGKILL,2026-08-31T23:49:59.620,2026-08-31T23:50:01.119,1499.7,FAULT,COMM,NO,PASS,
66,supervisor SIGKILL,2026-08-31T23:50:09.120,2026-08-31T23:50:10.520,1399.3,FAULT,COMM,NO,PASS,setup: motorctl target 30 1000 unconfirmed (exit 1: ERROR GET_STATE timed out)
67,supervisor SIGKILL,2026-08-31T23:50:20.120,2026-08-31T23:50:22.120,2000.3,FAULT,COMM,NO,PASS,"setup: motorctl enable unconfirmed (exit 1: ERROR GET_STATE timed out), motorctl target 30 1000 retried once after supervisor sync loss"
68,supervisor SIGKILL,2026-08-31T23:50:29.621,2026-08-31T23:50:31.119,1498.4,FAULT,COMM,NO,PASS,
69,supervisor SIGKILL,2026-08-31T23:50:38.621,2026-08-31T23:50:40.119,1498.3,FAULT,COMM,NO,PASS,
70,supervisor SIGKILL,2026-08-31T23:50:47.621,2026-08-31T23:50:49.119,1498.6,FAULT,COMM,NO,PASS,
71,supervisor SIGKILL,2026-08-31T23:50:57.120,2026-08-31T23:50:58.520,1399.8,FAULT,COMM,NO,PASS,
72,supervisor SIGKILL,2026-08-31T23:51:06.120,2026-08-31T23:51:07.520,1399.4,FAULT,COMM,NO,PASS,
73,supervisor SIGKILL,2026-08-31T23:51:17.120,2026-08-31T23:51:18.519,1398.8,FAULT,COMM,NO,PASS,
74,supervisor SIGKILL,2026-08-31T23:51:26.120,2026-08-31T23:51:27.519,1399.0,FAULT,COMM,NO,PASS,
75,supervisor SIGKILL,2026-08-31T23:51:35.120,2026-08-31T23:51:36.519,1398.9,FAULT,COMM,NO,PASS,
76,supervisor SIGKILL,2026-08-31T23:51:44.121,2026-08-31T23:51:45.519,1398.1,FAULT,COMM,NO,PASS,
77,supervisor SIGKILL,2026-08-31T23:51:53.121,2026-08-31T23:51:54.520,1399.1,FAULT,COMM,NO,PASS,
78,supervisor SIGKILL,2026-08-31T23:52:02.121,2026-08-31T23:52:03.520,1398.6,FAULT,COMM,NO,PASS,
79,supervisor SIGKILL,2026-08-31T23:52:11.120,2026-08-31T23:52:12.520,1399.3,FAULT,COMM,NO,PASS,
80,supervisor SIGKILL,2026-08-31T23:52:20.120,2026-08-31T23:52:21.519,1399.9,FAULT,COMM,NO,PASS,
81,supervisor SIGKILL,2026-08-31T23:52:29.120,2026-08-31T23:52:30.520,1400.4,FAULT,COMM,NO,PASS,
82,supervisor SIGKILL,2026-08-31T23:52:38.122,2026-08-31T23:52:39.519,1397.6,FAULT,COMM,NO,PASS,
83,supervisor SIGKILL,2026-08-31T23:52:47.120,2026-08-31T23:52:48.520,1399.5,FAULT,COMM,NO,PASS,
84,supervisor SIGKILL,2026-08-31T23:52:56.120,2026-08-31T23:52:57.519,1399.7,FAULT,COMM,NO,PASS,
85,supervisor SIGKILL,2026-08-31T23:53:05.120,2026-08-31T23:53:06.519,1398.5,FAULT,COMM,NO,PASS,
86,supervisor SIGKILL,2026-08-31T23:53:14.119,2026-08-31T23:53:15.519,1399.8,FAULT,COMM,NO,PASS,
87,supervisor SIGKILL,2026-08-31T23:53:23.119,2026-08-31T23:53:24.519,1399.6,FAULT,COMM,NO,PASS,
88,supervisor SIGKILL,2026-08-31T23:53:32.120,2026-08-31T23:53:33.520,1400.0,FAULT,COMM,NO,PASS,
89,supervisor SIGKILL,2026-08-31T23:53:41.120,2026-08-31T23:53:42.519,1399.1,FAULT,COMM,NO,PASS,
90,supervisor SIGKILL,2026-08-31T23:53:50.120,2026-08-31T23:53:51.519,1399.1,FAULT,COMM,NO,PASS,
91,supervisor SIGKILL,2026-08-31T23:53:59.119,2026-08-31T23:54:00.519,1399.6,FAULT,COMM,NO,PASS,
92,supervisor SIGKILL,2026-08-31T23:54:08.119,2026-08-31T23:54:09.520,1400.2,FAULT,COMM,NO,PASS,
93,supervisor SIGKILL,2026-08-31T23:54:17.119,2026-08-31T23:54:18.519,1400.2,FAULT,COMM,NO,PASS,
94,supervisor SIGKILL,2026-08-31T23:54:26.119,2026-08-31T23:54:27.519,1400.1,FAULT,COMM,NO,PASS,
95,supervisor SIGKILL,2026-08-31T23:54:35.119,2026-08-31T23:54:36.519,1399.9,FAULT,COMM,NO,PASS,
96,supervisor SIGKILL,2026-08-31T23:54:44.120,2026-08-31T23:54:45.519,1399.4,FAULT,COMM,NO,PASS,
97,supervisor SIGKILL,2026-08-31T23:54:53.119,2026-08-31T23:54:54.519,1399.7,FAULT,COMM,NO,PASS,
98,supervisor SIGKILL,2026-08-31T23:55:02.119,2026-08-31T23:55:03.520,1400.1,FAULT,COMM,NO,PASS,setup: motorctl target 30 1000 unconfirmed (exit 1: ERROR GET_STATE timed out)
99,supervisor SIGKILL,2026-08-31T23:55:11.119,2026-08-31T23:55:12.519,1400.3,FAULT,COMM,NO,PASS,
100,supervisor SIGKILL,2026-08-31T23:55:20.120,2026-08-31T23:55:21.520,1399.7,FAULT,COMM,NO,PASS,
